{"cameraMode":{"drawMode":0,"name":"Shaded","section":"Shading Mode"},"sceneLighting":true,"audioPlay":false,"sceneViewState":{"showFog":true,"showMaterialUpdate":false,"showSkybox":true,"showFlares":true,"showImageEffects":true,"showParticleSystems":true},"in2DMode":false,"pivot":{"x":63.32632064819336,"y":167.17269897460938,"z":0.0},"rotation":{"x":-0.12001729756593704,"y":0.014310011640191079,"z":-0.002306303009390831,"w":-0.9928277730941773},"size":171.447998046875,"orthographic":false}