{"cameraMode":{"drawMode":0,"name":"Shaded","section":"Shading Mode"},"sceneLighting":false,"audioPlay":false,"sceneViewState":{"showFog":true,"showMaterialUpdate":false,"showSkybox":false,"showFlares":true,"showImageEffects":true,"showParticleSystems":true},"in2DMode":false,"pivot":{"x":6.02436637878418,"y":1.143662929534912,"z":-1.1111226081848145},"rotation":{"x":-0.334263414144516,"y":0.005085615906864405,"z":-0.0018646448152139783,"w":-0.9425268769264221},"size":22.0,"orthographic":false}